-- MySQL dump 10.13  Distrib 8.0.43, for Win64 (x86_64)
-- Host: localhost    Database: aegisai
-- ------------------------------------------------------
-- Server version 8.0.43

/*!40101 SET @OLD_CHARACTER_SET_CLIENT=@@CHARACTER_SET_CLIENT */;
/*!40101 SET @OLD_CHARACTER_SET_RESULTS=@@CHARACTER_SET_RESULTS */;
/*!40101 SET @OLD_COLLATION_CONNECTION=@@COLLATION_CONNECTION */;
/*!50503 SET NAMES utf8mb4 */;
/*!40103 SET @OLD_TIME_ZONE=@@TIME_ZONE */;
/*!40103 SET TIME_ZONE='+00:00' */;
/*!40014 SET @OLD_UNIQUE_CHECKS=@@UNIQUE_CHECKS, UNIQUE_CHECKS=0 */;
/*!40014 SET @OLD_FOREIGN_KEY_CHECKS=@@FOREIGN_KEY_CHECKS, FOREIGN_KEY_CHECKS=0 */;
/*!40101 SET @OLD_SQL_MODE=@@SQL_MODE, SQL_MODE='NO_AUTO_VALUE_ON_ZERO' */;
/*!40111 SET @OLD_SQL_NOTES=@@SQL_NOTES, SQL_NOTES=0 */;

--
-- Table structure for table `ai_call_log`
--

DROP TABLE IF EXISTS `ai_call_log`;
/*!40101 SET @saved_cs_client     = @@character_set_client */;
/*!50503 SET character_set_client = utf8mb4 */;
CREATE TABLE `ai_call_log` (
  `id` bigint NOT NULL AUTO_INCREMENT COMMENT 'дё»й”®',
  `user_id` bigint DEFAULT NULL COMMENT 'и°ғз”Ёз”ЁжҲ·',
  `model_id` bigint DEFAULT NULL COMMENT 'жЁЎеһӢID',
  `model_code` varchar(100) DEFAULT NULL COMMENT 'жЁЎеһӢд»Јз Ғ',
  `provider` varchar(50) DEFAULT NULL COMMENT 'дҫӣеә”е•Ҷ',
  `input_preview` varchar(200) DEFAULT NULL COMMENT 'иҫ“е…Ҙйў„и§ҲпјҲе·Іи„ұж•Ҹпјү',
  `output_preview` varchar(200) DEFAULT NULL COMMENT 'иҫ“еҮәйў„и§ҲпјҲе·Іи„ұж•Ҹпјү',
  `status` varchar(20) DEFAULT NULL COMMENT 'success/fail',
  `error_msg` varchar(500) DEFAULT NULL COMMENT 'еӨұиҙҘеҺҹеӣ ',
  `duration_ms` bigint DEFAULT NULL COMMENT 'иҖ—ж—¶жҜ«з§’',
  `token_usage` int DEFAULT NULL COMMENT 'token з”ЁйҮҸ',
  `ip` varchar(64) DEFAULT NULL COMMENT 'и°ғз”ЁиҖ…IP',
  `create_time` timestamp NULL DEFAULT CURRENT_TIMESTAMP COMMENT 'еҲӣе»әж—¶й—ҙ',
  PRIMARY KEY (`id`),
  KEY `idx_model_code_date` (`model_code`,`create_time`),
  KEY `idx_user_date` (`user_id`,`create_time`)
) ENGINE=InnoDB DEFAULT CHARSET=utf8mb4 COLLATE=utf8mb4_0900_ai_ci COMMENT='AI и°ғз”Ёе®Ўи®Ўж—Ҙеҝ—';
/*!40101 SET character_set_client = @saved_cs_client */;

LOCK TABLES `ai_call_log` WRITE;
/*!40000 ALTER TABLE `ai_call_log` DISABLE KEYS */;
/*!40000 ALTER TABLE `ai_call_log` ENABLE KEYS */;
UNLOCK TABLES;

--
-- Table structure for table `ai_model`
--

DROP TABLE IF EXISTS `ai_model`;
/*!40101 SET @saved_cs_client     = @@character_set_client */;
/*!50503 SET character_set_client = utf8mb4 */;
CREATE TABLE `ai_model` (
  `id` bigint NOT NULL AUTO_INCREMENT COMMENT 'жЁЎеһӢID',
  `model_name` varchar(100) DEFAULT NULL,
  `model_code` varchar(100) DEFAULT NULL,
  `model_type` varchar(30) DEFAULT NULL,
  `risk_level` varchar(20) DEFAULT NULL COMMENT 'йЈҺйҷ©зӯүзә§пјҲдҪҺ/дёӯ/й«ҳпјү',
  `api_url` varchar(255) DEFAULT NULL,
  `api_key` text,
  `provider` varchar(50) DEFAULT NULL,
  `status` varchar(20) DEFAULT NULL,
  `call_limit` int DEFAULT '0',
  `current_calls` int DEFAULT '0',
  `description` varchar(200) DEFAULT NULL COMMENT 'жҸҸиҝ°',
  `create_time` datetime DEFAULT CURRENT_TIMESTAMP COMMENT 'еҲӣе»әж—¶й—ҙ',
  `update_time` datetime DEFAULT CURRENT_TIMESTAMP ON UPDATE CURRENT_TIMESTAMP COMMENT 'жӣҙж–°ж—¶й—ҙ',
  PRIMARY KEY (`id`)
) ENGINE=InnoDB AUTO_INCREMENT=2028092187896475654 DEFAULT CHARSET=utf8mb4 COLLATE=utf8mb4_0900_ai_ci COMMENT='AIжЁЎеһӢиЎЁ';
/*!40101 SET character_set_client = @saved_cs_client */;

LOCK TABLES `ai_model` WRITE;
/*!40000 ALTER TABLE `ai_model` DISABLE KEYS */;
INSERT INTO `ai_model` VALUES (2028092187896475650,'1','model-2028092187896475650','1','1',NULL,'',NULL,'enabled',0,0,NULL,'2026-03-01 20:57:12','2026-03-06 22:13:40'),(2028092187896475651,'еҗҲи§„е®Ўи®ЎLLM','model-2028092187896475651','еӨ–йғЁAPI','дёӯ','https://api.llm/audit','','еӣўйҳҹA','enabled',0,0,'з”ЁдәҺеҗҲи§„й—®зӯ”','2026-03-01 21:09:11','2026-03-06 22:13:40'),(2028092187896475652,'ж•Ҹж„ҹиҜҶеҲ«жЁЎеһӢ','model-2028092187896475652','ONNX','й«ҳ','onnx://models/sensitive.onnx','','еӣўйҳҹB','enabled',0,0,'жЈҖжөӢж•Ҹж„ҹеӯ—ж®ө','2026-03-01 21:09:11','2026-03-06 22:13:40'),(2028092187896475653,'жҲҗжң¬йў„жөӢжЁЎеһӢ','model-2028092187896475653','еӨ–йғЁAPI','дҪҺ','https://api.llm/cost','','еӣўйҳҹC','enabled',0,0,'и°ғз”ЁжҲҗжң¬йў„жөӢ','2026-03-01 21:09:11','2026-03-06 22:13:40');
/*!40000 ALTER TABLE `ai_model` ENABLE KEYS */;
UNLOCK TABLES;

--
-- Table structure for table `alert_record`
--

DROP TABLE IF EXISTS `alert_record`;
/*!40101 SET @saved_cs_client     = @@character_set_client */;
/*!50503 SET character_set_client = utf8mb4 */;
CREATE TABLE `alert_record` (
  `id` bigint NOT NULL AUTO_INCREMENT,
  `title` varchar(100) DEFAULT NULL,
  `level` varchar(20) DEFAULT NULL,
  `status` varchar(20) DEFAULT NULL COMMENT 'open/claimed/resolved/archived',
  `assignee_id` bigint DEFAULT NULL,
  `related_log_id` bigint DEFAULT NULL,
  `resolution` text,
  `create_time` datetime DEFAULT CURRENT_TIMESTAMP,
  `update_time` datetime DEFAULT CURRENT_TIMESTAMP ON UPDATE CURRENT_TIMESTAMP,
  PRIMARY KEY (`id`)
) ENGINE=InnoDB AUTO_INCREMENT=4 DEFAULT CHARSET=utf8mb4 COLLATE=utf8mb4_0900_ai_ci COMMENT='е‘ҠиӯҰи®°еҪ•';
/*!40101 SET character_set_client = @saved_cs_client */;

LOCK TABLES `alert_record` WRITE;
/*!40000 ALTER TABLE `alert_record` DISABLE KEYS */;
INSERT INTO `alert_record` VALUES (1,'й«ҳеҚұи¶Ҡжқғ','й«ҳ','claimed',2,1,'','2026-02-12 09:00:00','2026-03-07 00:15:32'),(2,'жү№йҮҸеҜјеҮәйў„иӯҰ','дёӯ','claimed',2,2,'зЎ®и®ӨйңҖжұӮ','2026-02-12 10:00:00','2026-03-01 21:09:11'),(3,'ејӮеёёжҗңзҙўиҜҚ','дҪҺ','resolved',2,3,'е·Іж•ҷиӮІз”ЁжҲ·','2026-02-12 11:00:00','2026-03-01 21:09:11');
/*!40000 ALTER TABLE `alert_record` ENABLE KEYS */;
UNLOCK TABLES;

--
-- Table structure for table `approval_request`
--

DROP TABLE IF EXISTS `approval_request`;
/*!40101 SET @saved_cs_client     = @@character_set_client */;
/*!50503 SET character_set_client = utf8mb4 */;
CREATE TABLE `approval_request` (
  `id` bigint NOT NULL AUTO_INCREMENT COMMENT 'е®Ўжү№еҚ•ID',
  `applicant_id` bigint DEFAULT NULL COMMENT 'з”іиҜ·дәәID',
  `asset_id` bigint DEFAULT NULL COMMENT 'иө„дә§ID',
  `reason` varchar(200) DEFAULT NULL COMMENT 'з”іиҜ·дәӢз”ұ',
  `status` varchar(20) DEFAULT NULL COMMENT 'зҠ¶жҖҒпјҲеҫ…е®Ўжү№/йҖҡиҝҮ/жӢ’з»қпјү',
  `approver_id` bigint DEFAULT NULL COMMENT 'е®Ўжү№дәәID',
  `create_time` datetime DEFAULT CURRENT_TIMESTAMP COMMENT 'еҲӣе»әж—¶й—ҙ',
  `update_time` datetime DEFAULT CURRENT_TIMESTAMP ON UPDATE CURRENT_TIMESTAMP COMMENT 'жӣҙж–°ж—¶й—ҙ',
  PRIMARY KEY (`id`),
  KEY `idx_applicant` (`applicant_id`),
  KEY `idx_asset` (`asset_id`)
) ENGINE=InnoDB AUTO_INCREMENT=4 DEFAULT CHARSET=utf8mb4 COLLATE=utf8mb4_0900_ai_ci COMMENT='и®ҝй—®е®Ўжү№еҚ•иЎЁ';
/*!40101 SET character_set_client = @saved_cs_client */;

LOCK TABLES `approval_request` WRITE;
/*!40000 ALTER TABLE `approval_request` DISABLE KEYS */;
INSERT INTO `approval_request` VALUES (1,2,1,'и°ғиҜ•еҗҲи§„е®Ўи®Ў','еҫ…е®Ўжү№',1,'2026-03-01 21:09:11','2026-03-01 21:09:11'),(2,3,2,'ж•°жҚ®и®ўжӯЈ','йҖҡиҝҮ',1,'2026-03-01 21:09:11','2026-03-01 21:09:11'),(3,4,3,'е®Ўи®ЎеӨҚж ё','жӢ’з»қ',1,'2026-03-01 21:09:11','2026-03-01 21:09:11');
/*!40000 ALTER TABLE `approval_request` ENABLE KEYS */;
UNLOCK TABLES;

--
-- Table structure for table `audit_log`
--

DROP TABLE IF EXISTS `audit_log`;
/*!40101 SET @saved_cs_client     = @@character_set_client */;
/*!50503 SET character_set_client = utf8mb4 */;
CREATE TABLE `audit_log` (
  `id` bigint NOT NULL AUTO_INCREMENT COMMENT 'ж—Ҙеҝ—ID',
  `user_id` bigint DEFAULT NULL COMMENT 'з”ЁжҲ·ID',
  `asset_id` bigint DEFAULT NULL COMMENT 'иө„дә§ID',
  `operation` varchar(50) DEFAULT NULL COMMENT 'ж“ҚдҪңзұ»еһӢ',
  `operation_time` datetime DEFAULT NULL COMMENT 'ж“ҚдҪңж—¶й—ҙ',
  `ip` varchar(50) DEFAULT NULL COMMENT 'IPең°еқҖ',
  `device` varchar(100) DEFAULT NULL COMMENT 'и®ҫеӨҮдҝЎжҒҜ',
  `input_overview` varchar(200) DEFAULT NULL COMMENT 'иҫ“е…Ҙж‘ҳиҰҒпјҲи„ұж•Ҹпјү',
  `output_overview` varchar(200) DEFAULT NULL COMMENT 'иҫ“еҮәж‘ҳиҰҒпјҲи„ұж•Ҹпјү',
  `result` varchar(20) DEFAULT NULL COMMENT 'з»“жһңпјҲжҲҗеҠҹ/еӨұиҙҘпјү',
  `hash` varchar(128) DEFAULT NULL COMMENT 'е“ҲеёҢ/зӯҫеҗҚ',
  `create_time` datetime DEFAULT CURRENT_TIMESTAMP COMMENT 'еҲӣе»әж—¶й—ҙ',
  PRIMARY KEY (`id`),
  KEY `idx_user` (`user_id`),
  KEY `idx_asset` (`asset_id`),
  KEY `idx_time` (`operation_time`)
) ENGINE=InnoDB AUTO_INCREMENT=4 DEFAULT CHARSET=utf8mb4 COLLATE=utf8mb4_0900_ai_ci COMMENT='е®Ўи®Ўж—Ҙеҝ—иЎЁ';
/*!40101 SET character_set_client = @saved_cs_client */;

LOCK TABLES `audit_log` WRITE;
/*!40000 ALTER TABLE `audit_log` DISABLE KEYS */;
INSERT INTO `audit_log` VALUES (1,1,1,'жҹҘиҜў','2026-02-10 09:00:00','10.0.0.1','Chrome','uid=123','name=еј *','жҲҗеҠҹ','h1','2026-03-01 21:09:11'),(2,2,2,'еҜјеҮә','2026-02-10 10:00:00','10.0.0.2','Chrome','date=2026-02-01','file=pay.csv','жҲҗеҠҹ','h2','2026-03-01 21:09:11'),(3,3,3,'зҙўеј•жЈҖзҙў','2026-02-10 11:00:00','10.0.0.3','Edge','kw=иҝқи§„','hits=20','еӨұиҙҘ','h3','2026-03-01 21:09:11');
/*!40000 ALTER TABLE `audit_log` ENABLE KEYS */;
UNLOCK TABLES;

--
-- Table structure for table `compliance_policy`
--

DROP TABLE IF EXISTS `compliance_policy`;
/*!40101 SET @saved_cs_client     = @@character_set_client */;
/*!50503 SET character_set_client = utf8mb4 */;
CREATE TABLE `compliance_policy` (
  `id` bigint NOT NULL AUTO_INCREMENT COMMENT 'зӯ–з•ҘID',
  `name` varchar(100) NOT NULL COMMENT 'зӯ–з•ҘеҗҚз§°',
  `rule_content` text COMMENT 'и§„еҲҷеҶ…е®№пјҲJSON/IF-THENпјү',
  `scope` varchar(50) DEFAULT NULL COMMENT 'з”ҹж•ҲиҢғеӣҙпјҲе…ЁеұҖ/жҢҮе®ҡиө„дә§/жЁЎеһӢпјү',
  `status` tinyint DEFAULT '1' COMMENT 'зҠ¶жҖҒ 1-еҗҜз”Ё 0-зҰҒз”Ё',
  `version` int DEFAULT '1' COMMENT 'зүҲжң¬еҸ·',
  `create_time` datetime DEFAULT CURRENT_TIMESTAMP COMMENT 'еҲӣе»әж—¶й—ҙ',
  `update_time` datetime DEFAULT CURRENT_TIMESTAMP ON UPDATE CURRENT_TIMESTAMP COMMENT 'жӣҙж–°ж—¶й—ҙ',
  PRIMARY KEY (`id`)
) ENGINE=InnoDB AUTO_INCREMENT=3 DEFAULT CHARSET=utf8mb4 COLLATE=utf8mb4_0900_ai_ci COMMENT='еҗҲи§„зӯ–з•ҘиЎЁ';
/*!40101 SET character_set_client = @saved_cs_client */;

LOCK TABLES `compliance_policy` WRITE;
/*!40000 ALTER TABLE `compliance_policy` DISABLE KEYS */;
INSERT INTO `compliance_policy` VALUES (1,'жүӢжңәеҸ·и„ұж•Ҹ','{"mask":"****"}','е…ЁеұҖ',1,1,'2026-03-01 21:09:11','2026-03-01 21:09:11'),(2,'ж”Ҝд»ҳеҜјеҮәе®Ўжү№','{"require_approval":true}','ж”Ҝд»ҳжөҒж°ҙ',1,1,'2026-03-01 21:09:11','2026-03-01 21:09:11');
/*!40000 ALTER TABLE `compliance_policy` ENABLE KEYS */;
UNLOCK TABLES;

--
-- Table structure for table `data_asset`
--

DROP TABLE IF EXISTS `data_asset`;
/*!40101 SET @saved_cs_client     = @@character_set_client */;
/*!50503 SET character_set_client = utf8mb4 */;
CREATE TABLE `data_asset` (
  `id` bigint NOT NULL AUTO_INCREMENT COMMENT 'ж•°жҚ®иө„дә§ID',
  `name` varchar(100) NOT NULL COMMENT 'иө„дә§еҗҚз§°',
  `type` varchar(50) DEFAULT NULL COMMENT 'зұ»еһӢпјҲMySQL/Excel/APIзӯүпјү',
  `sensitivity_level` varchar(20) DEFAULT NULL COMMENT 'ж•Ҹж„ҹзӯүзә§пјҲе…¬ејҖ/еҶ…йғЁ/ж•Ҹж„ҹ/еҸ—йҷҗпјү',
  `location` varchar(200) DEFAULT NULL COMMENT 'еӯҳеӮЁдҪҚзҪ®/иҝһжҺҘдҝЎжҒҜ',
  `discovery_time` datetime DEFAULT NULL COMMENT 'еҸ‘зҺ°ж—¶й—ҙ',
  `owner_id` bigint DEFAULT NULL COMMENT 'иҙҹиҙЈдәәID',
  `lineage` text COMMENT 'ж•°жҚ®иЎҖзјҳдҝЎжҒҜпјҲJSONпјү',
  `description` varchar(200) DEFAULT NULL COMMENT 'жҸҸиҝ°',
  `create_time` datetime DEFAULT CURRENT_TIMESTAMP COMMENT 'еҲӣе»әж—¶й—ҙ',
  `update_time` datetime DEFAULT CURRENT_TIMESTAMP ON UPDATE CURRENT_TIMESTAMP COMMENT 'жӣҙж–°ж—¶й—ҙ',
  PRIMARY KEY (`id`),
  KEY `idx_type` (`type`),
  KEY `idx_sensitivity` (`sensitivity_level`)
) ENGINE=InnoDB AUTO_INCREMENT=5 DEFAULT CHARSET=utf8mb4 COLLATE=utf8mb4_0900_ai_ci COMMENT='ж•°жҚ®иө„дә§иЎЁ';
/*!40101 SET character_set_client = @saved_cs_client */;

LOCK TABLES `data_asset` WRITE;
/*!40000 ALTER TABLE `data_asset` DISABLE KEYS */;
INSERT INTO `data_asset` VALUES (1,'з”ЁжҲ·иЎЁ','MySQL','ж•Ҹж„ҹ','mysql://db/user_db.user','2026-02-01 10:00:00',3,'{"from":"ods.user","to":"dm.user_profile"}','ж ёеҝғз”ЁжҲ·ж•°жҚ®','2026-03-01 21:09:11','2026-03-01 21:09:11'),(2,'ж”Ҝд»ҳжөҒж°ҙ','MySQL','еҸ—йҷҗ','mysql://db/pay_db.txn','2026-02-02 11:00:00',3,'{"from":"ods.pay","to":"dm.pay_agg"}','ж”Ҝд»ҳдәӨжҳ“жөҒж°ҙ','2026-03-01 21:09:11','2026-03-01 21:09:11'),(3,'иҒҠеӨ©и®°еҪ•','ES','ж•Ҹж„ҹ','es://cluster/chat_index','2026-02-03 12:00:00',3,'{"from":"kafka.chat","to":"es.chat_index"}','IM иҒҠеӨ©зҙўеј•','2026-03-01 21:09:11','2026-03-01 21:09:11'),(4,'йЈҺжҺ§з”»еғҸ','CSV','еҶ…йғЁ','/data/risk/profile.csv','2026-02-04 13:00:00',3,'{"from":"dm.user_profile","to":"risk.profile"}','йЈҺйҷ©ж Үзӯҫ','2026-03-01 21:09:11','2026-03-01 21:09:11');
/*!40000 ALTER TABLE `data_asset` ENABLE KEYS */;
UNLOCK TABLES;

--
-- Table structure for table `data_share_request`
--

DROP TABLE IF EXISTS `data_share_request`;
/*!40101 SET @saved_cs_client     = @@character_set_client */;
/*!50503 SET character_set_client = utf8mb4 */;
CREATE TABLE `data_share_request` (
  `id` bigint NOT NULL AUTO_INCREMENT,
  `asset_id` bigint DEFAULT NULL,
  `applicant_id` bigint DEFAULT NULL,
  `collaborators` varchar(200) DEFAULT NULL COMMENT 'еҚҸдҪңдәәIDеҲ—иЎЁ',
  `reason` varchar(200) DEFAULT NULL COMMENT 'з”іиҜ·еҺҹеӣ ',
  `status` varchar(20) DEFAULT NULL COMMENT 'pending/approved/rejected',
  `approver_id` bigint DEFAULT NULL,
  `create_time` datetime DEFAULT CURRENT_TIMESTAMP,
  `update_time` datetime DEFAULT CURRENT_TIMESTAMP ON UPDATE CURRENT_TIMESTAMP,
  PRIMARY KEY (`id`)
) ENGINE=InnoDB AUTO_INCREMENT=4 DEFAULT CHARSET=utf8mb4 COLLATE=utf8mb4_0900_ai_ci COMMENT='ж•°жҚ®иө„дә§е…ұдә«е®Ўжү№';
/*!40101 SET character_set_client = @saved_cs_client */;

LOCK TABLES `data_share_request` WRITE;
/*!40000 ALTER TABLE `data_share_request` DISABLE KEYS */;
INSERT INTO `data_share_request` VALUES (1,1,2,'3,4','иҒ”еҗҲеҲҶжһҗ','rejected',1,'2026-02-14 09:00:00','2026-03-07 00:11:40'),(2,2,3,'4','йЈҺжҺ§е»әжЁЎ','rejected',1,'2026-02-14 10:00:00','2026-03-07 00:11:43'),(3,3,4,'2','е®Ўи®ЎеӨҚж ё','approved',1,'2026-02-14 11:00:00','2026-03-07 00:11:45');
/*!40000 ALTER TABLE `data_share_request` ENABLE KEYS */;
UNLOCK TABLES;

--
-- Table structure for table `desensitize_rule`
--

DROP TABLE IF EXISTS `desensitize_rule`;
/*!40101 SET @saved_cs_client     = @@character_set_client */;
/*!50503 SET character_set_client = utf8mb4 */;
CREATE TABLE `desensitize_rule` (
  `id` bigint NOT NULL AUTO_INCREMENT,
  `name` varchar(100) DEFAULT NULL,
  `pattern` varchar(100) DEFAULT NULL,
  `mask` varchar(20) DEFAULT NULL,
  `example` varchar(200) DEFAULT NULL,
  `create_time` datetime DEFAULT CURRENT_TIMESTAMP,
  `update_time` datetime DEFAULT CURRENT_TIMESTAMP ON UPDATE CURRENT_TIMESTAMP,
  PRIMARY KEY (`id`)
) ENGINE=InnoDB AUTO_INCREMENT=4 DEFAULT CHARSET=utf8mb4 COLLATE=utf8mb4_0900_ai_ci COMMENT='и„ұж•Ҹи§„еҲҷе®ҡд№ү';
/*!40101 SET character_set_client = @saved_cs_client */;

LOCK TABLES `desensitize_rule` WRITE;
/*!40000 ALTER TABLE `desensitize_rule` DISABLE KEYS */;
INSERT INTO `desensitize_rule` VALUES (1,'жүӢжңәеҸ·','\\d{11}','*','138****0000','2026-03-01 21:09:13','2026-03-01 21:09:13'),(2,'йӮ®з®ұ','[^@]+@[^@]+','*','u***@example.com','2026-03-01 21:09:13','2026-03-01 21:09:13'),(3,'иә«д»ҪиҜҒ','\\d{18}','*','110***********1234','2026-03-01 21:09:13','2026-03-01 21:09:13');
/*!40000 ALTER TABLE `desensitize_rule` ENABLE KEYS */;
UNLOCK TABLES;

--
-- Table structure for table `model_call_stat`
--

DROP TABLE IF EXISTS `model_call_stat`;
/*!40101 SET @saved_cs_client     = @@character_set_client */;
/*!50503 SET character_set_client = utf8mb4 */;
CREATE TABLE `model_call_stat` (
  `id` bigint NOT NULL AUTO_INCREMENT,
  `model_id` bigint DEFAULT NULL,
  `user_id` bigint DEFAULT NULL,
  `date` date DEFAULT NULL,
  `call_count` int DEFAULT '0',
  `total_latency_ms` bigint DEFAULT '0',
  `cost_cents` int DEFAULT '0',
  PRIMARY KEY (`id`),
  KEY `idx_model_date` (`model_id`,`date`),
  KEY `idx_user_date` (`user_id`,`date`)
) ENGINE=InnoDB AUTO_INCREMENT=5 DEFAULT CHARSET=utf8mb4 COLLATE=utf8mb4_0900_ai_ci COMMENT='жЁЎеһӢи°ғз”ЁжҲҗжң¬з»ҹи®Ў';
/*!40101 SET character_set_client = @saved_cs_client */;

LOCK TABLES `model_call_stat` WRITE;
/*!40000 ALTER TABLE `model_call_stat` DISABLE KEYS */;
INSERT INTO `model_call_stat` VALUES (1,1,1,'2026-02-10',120,240000,800),(2,1,2,'2026-02-10',80,160000,500),(3,2,3,'2026-02-10',60,90000,300),(4,3,1,'2026-02-10',40,60000,200);
/*!40000 ALTER TABLE `model_call_stat` ENABLE KEYS */;
UNLOCK TABLES;

--
-- Table structure for table `permission`
--

DROP TABLE IF EXISTS `permission`;
/*!40101 SET @saved_cs_client     = @@character_set_client */;
/*!50503 SET character_set_client = utf8mb4 */;
CREATE TABLE `permission` (
  `id` bigint NOT NULL AUTO_INCREMENT COMMENT 'жқғйҷҗID',
  `name` varchar(50) NOT NULL COMMENT 'жқғйҷҗеҗҚз§°',
  `code` varchar(50) NOT NULL COMMENT 'жқғйҷҗзј–з Ғ',
  `type` varchar(20) DEFAULT NULL COMMENT 'зұ»еһӢпјҲиҸңеҚ•/жҢүй’®/ж•°жҚ®пјү',
  `parent_id` bigint DEFAULT NULL COMMENT 'зҲ¶жқғйҷҗID',
  `create_time` datetime DEFAULT CURRENT_TIMESTAMP COMMENT 'еҲӣе»әж—¶й—ҙ',
  `update_time` datetime DEFAULT CURRENT_TIMESTAMP ON UPDATE CURRENT_TIMESTAMP COMMENT 'жӣҙж–°ж—¶й—ҙ',
  PRIMARY KEY (`id`)
) ENGINE=InnoDB AUTO_INCREMENT=5 DEFAULT CHARSET=utf8mb4 COLLATE=utf8mb4_0900_ai_ci COMMENT='жқғйҷҗиЎЁ';
/*!40101 SET character_set_client = @saved_cs_client */;

LOCK TABLES `permission` WRITE;
/*!40000 ALTER TABLE `permission` DISABLE KEYS */;
INSERT INTO `permission` VALUES (1,'жҹҘзңӢиө„дә§','ASSET_VIEW','menu',NULL,'2026-03-01 21:09:11','2026-03-01 21:09:11'),(2,'зј–иҫ‘иө„дә§','ASSET_EDIT','button',NULL,'2026-03-01 21:09:11','2026-03-01 21:09:11'),(3,'жҹҘзңӢе®Ўи®Ў','AUDIT_VIEW','menu',NULL,'2026-03-01 21:09:11','2026-03-01 21:09:11');
/*!40000 ALTER TABLE `permission` ENABLE KEYS */;
UNLOCK TABLES;

--
-- Table structure for table `risk_event`
--

DROP TABLE IF EXISTS `risk_event`;
/*!40101 SET @saved_cs_client     = @@character_set_client */;
/*!50503 SET character_set_client = utf8mb4 */;
CREATE TABLE `risk_event` (
  `id` bigint NOT NULL AUTO_INCREMENT COMMENT 'йЈҺйҷ©дәӢд»¶ID',
  `type` varchar(50) DEFAULT NULL COMMENT 'дәӢд»¶зұ»еһӢ',
  `level` varchar(20) DEFAULT NULL COMMENT 'йЈҺйҷ©зӯүзә§',
  `related_log_id` bigint DEFAULT NULL COMMENT 'е…іиҒ”ж—Ҙеҝ—ID',
  `status` varchar(20) DEFAULT NULL COMMENT 'зҠ¶жҖҒпјҲеҫ…еӨ„зҗҶ/е·ІеӨ„зҗҶпјү',
  `handler_id` bigint DEFAULT NULL COMMENT 'еӨ„зҗҶдәәID',
  `process_log` text COMMENT 'еӨ„зҗҶи®°еҪ•',
  `create_time` datetime DEFAULT CURRENT_TIMESTAMP COMMENT 'еҲӣе»әж—¶й—ҙ',
  `update_time` datetime DEFAULT CURRENT_TIMESTAMP ON UPDATE CURRENT_TIMESTAMP COMMENT 'жӣҙж–°ж—¶й—ҙ',
  PRIMARY KEY (`id`),
  KEY `idx_type` (`type`),
  KEY `idx_level` (`level`)
) ENGINE=InnoDB AUTO_INCREMENT=4 DEFAULT CHARSET=utf8mb4 COLLATE=utf8mb4_0900_ai_ci COMMENT='йЈҺйҷ©дәӢд»¶иЎЁ';
/*!40101 SET character_set_client = @saved_cs_client */;

LOCK TABLES `risk_event` WRITE;
/*!40000 ALTER TABLE `risk_event` DISABLE KEYS */;
INSERT INTO `risk_event` VALUES (2,'жү№йҮҸеҜјеҮә','дёӯ',2,'еҫ…еӨ„зҗҶ',2,'еҫ…еӨҚж ё','2026-02-11 10:00:00','2026-03-01 21:09:11'),(3,'ејӮеёёжЈҖзҙў','дҪҺ',3,'е·ІеӨ„зҗҶ',2,'жҸҗйҶ’з”ЁжҲ·','2026-02-11 11:00:00','2026-03-01 21:09:11');
/*!40000 ALTER TABLE `risk_event` ENABLE KEYS */;
UNLOCK TABLES;

--
-- Table structure for table `role`
--

DROP TABLE IF EXISTS `role`;
/*!40101 SET @saved_cs_client     = @@character_set_client */;
/*!50503 SET character_set_client = utf8mb4 */;
CREATE TABLE `role` (
  `id` bigint NOT NULL AUTO_INCREMENT COMMENT 'и§’иүІID',
  `name` varchar(50) NOT NULL COMMENT 'и§’иүІеҗҚз§°',
  `code` varchar(50) NOT NULL COMMENT 'и§’иүІзј–з Ғ',
  `description` varchar(200) DEFAULT NULL COMMENT 'жҸҸиҝ°',
  `create_time` datetime DEFAULT CURRENT_TIMESTAMP COMMENT 'еҲӣе»әж—¶й—ҙ',
  `update_time` datetime DEFAULT CURRENT_TIMESTAMP ON UPDATE CURRENT_TIMESTAMP COMMENT 'жӣҙж–°ж—¶й—ҙ',
  PRIMARY KEY (`id`)
) ENGINE=InnoDB AUTO_INCREMENT=2028091268882526215 DEFAULT CHARSET=utf8mb4 COLLATE=utf8mb4_0900_ai_ci COMMENT='и§’иүІиЎЁ';
/*!40101 SET character_set_client = @saved_cs_client */;

LOCK TABLES `role` WRITE;
/*!40000 ALTER TABLE `role` DISABLE KEYS */;
INSERT INTO `role` VALUES (2028091268882526210,'з®ЎзҗҶе‘ҳ','ADMIN','зі»з»ҹй»ҳи®Өз®ЎзҗҶе‘ҳи§’иүІ','2026-03-01 20:53:33','2026-03-01 20:53:33'),(2028091268882526211,'з®ЎзҗҶе‘ҳ','ADMIN','зі»з»ҹз®ЎзҗҶе‘ҳ','2026-03-01 21:09:11','2026-03-01 21:09:11'),(2028091268882526212,'е®үе…Ёе®ҳ','SEC','е®үе…ЁеҗҲи§„иҙҹиҙЈдәә','2026-03-01 21:09:11','2026-03-01 21:09:11'),(2028091268882526213,'ж•°жҚ®з®ЎзҗҶе‘ҳ','DATA_ADMIN','ж•°жҚ®иө„дә§з®ЎзҗҶ','2026-03-01 21:09:11','2026-03-01 21:09:11'),(2028091268882526214,'е®Ўи®Ўе‘ҳ','AUDIT','е®Ўи®Ўж—Ҙеҝ—жҹҘзңӢ','2026-03-01 21:09:11','2026-03-01 21:09:11');
/*!40000 ALTER TABLE `role` ENABLE KEYS */;
UNLOCK TABLES;

--
-- Table structure for table `role_permission`
--

DROP TABLE IF EXISTS `role_permission`;
/*!40101 SET @saved_cs_client     = @@character_set_client */;
/*!50503 SET character_set_client = utf8mb4 */;
CREATE TABLE `role_permission` (
  `id` bigint NOT NULL AUTO_INCREMENT,
  `role_id` bigint NOT NULL,
  `permission_id` bigint NOT NULL,
  PRIMARY KEY (`id`),
  KEY `idx_role` (`role_id`),
  KEY `idx_permission` (`permission_id`)
) ENGINE=InnoDB AUTO_INCREMENT=10 DEFAULT CHARSET=utf8mb4 COLLATE=utf8mb4_0900_ai_ci COMMENT='и§’иүІ-жқғйҷҗе…іиҒ”иЎЁ';
/*!40101 SET character_set_client = @saved_cs_client */;

LOCK TABLES `role_permission` WRITE;
/*!40000 ALTER TABLE `role_permission` DISABLE KEYS */;
INSERT INTO `role_permission` VALUES (1,1,1),(2,1,2),(3,1,3),(4,1,4),(5,2,3),(6,2,4),(7,3,1),(8,3,2),(9,4,3);
/*!40000 ALTER TABLE `role_permission` ENABLE KEYS */;
UNLOCK TABLES;

--
-- Table structure for table `sensitive_scan_task`
--

DROP TABLE IF EXISTS `sensitive_scan_task`;
/*!40101 SET @saved_cs_client     = @@character_set_client */;
/*!50503 SET character_set_client = utf8mb4 */;
CREATE TABLE `sensitive_scan_task` (
  `id` bigint NOT NULL AUTO_INCREMENT COMMENT 'д»»еҠЎID',
  `source_type` varchar(20) DEFAULT NULL COMMENT 'жқҘжәҗзұ»еһӢпјҡfile/db',
  `source_path` varchar(200) DEFAULT NULL COMMENT 'ж–Үд»¶и·Ҝеҫ„жҲ–еә“иЎЁ',
  `status` varchar(20) DEFAULT NULL COMMENT 'зҠ¶жҖҒпјҡpending/running/done/failed',
  `sensitive_ratio` decimal(5,2) DEFAULT NULL COMMENT 'ж•Ҹж„ҹеҚ жҜ”зҷҫеҲҶжҜ”',
  `report_path` varchar(200) DEFAULT NULL COMMENT 'жҠҘе‘ҠеӯҳеӮЁи·Ҝеҫ„',
  `create_time` datetime DEFAULT CURRENT_TIMESTAMP,
  `update_time` datetime DEFAULT CURRENT_TIMESTAMP ON UPDATE CURRENT_TIMESTAMP,
  PRIMARY KEY (`id`)
) ENGINE=InnoDB AUTO_INCREMENT=4 DEFAULT CHARSET=utf8mb4 COLLATE=utf8mb4_0900_ai_ci COMMENT='ж•Ҹж„ҹж•°жҚ®жү«жҸҸд»»еҠЎиЎЁ';
/*!40101 SET character_set_client = @saved_cs_client */;

LOCK TABLES `sensitive_scan_task` WRITE;
/*!40000 ALTER TABLE `sensitive_scan_task` DISABLE KEYS */;
INSERT INTO `sensitive_scan_task` VALUES (1,'file','/data/users.xlsx','done',42.50,'/reports/task-1.pdf','2026-02-15 09:00:00','2026-02-15 10:00:00'),(2,'db','user_db.user','running',NULL,NULL,'2026-02-15 11:00:00','2026-02-15 11:05:00'),(3,'file','/data/chat.csv','failed',NULL,NULL,'2026-02-15 12:00:00','2026-02-15 12:10:00');
/*!40000 ALTER TABLE `sensitive_scan_task` ENABLE KEYS */;
UNLOCK TABLES;

--
-- Table structure for table `subject_request`
--

DROP TABLE IF EXISTS `subject_request`;
/*!40101 SET @saved_cs_client     = @@character_set_client */;
/*!50503 SET character_set_client = utf8mb4 */;
CREATE TABLE `subject_request` (
  `id` bigint NOT NULL AUTO_INCREMENT,
  `user_id` bigint DEFAULT NULL,
  `type` varchar(30) DEFAULT NULL COMMENT 'access/export/delete',
  `status` varchar(20) DEFAULT NULL COMMENT 'pending/processing/done/rejected',
  `comment` varchar(200) DEFAULT NULL COMMENT 'еӨҮжіЁ',
  `handler_id` bigint DEFAULT NULL COMMENT 'еӨ„зҗҶдәәID',
  `result` text,
  `create_time` datetime DEFAULT CURRENT_TIMESTAMP,
  `update_time` datetime DEFAULT CURRENT_TIMESTAMP ON UPDATE CURRENT_TIMESTAMP,
  PRIMARY KEY (`id`)
) ENGINE=InnoDB AUTO_INCREMENT=2028095310606135299 DEFAULT CHARSET=utf8mb4 COLLATE=utf8mb4_0900_ai_ci COMMENT='ж•°жҚ®дё»дҪ“жқғеҲ©иҜ·жұӮе·ҘеҚ•';
/*!40101 SET character_set_client = @saved_cs_client */;

LOCK TABLES `subject_request` WRITE;
/*!40000 ALTER TABLE `subject_request` DISABLE KEYS */;
INSERT INTO `subject_request` VALUES (2028092719054745602,NULL,'access','pending','',NULL,NULL,'2026-03-01 20:59:19','2026-03-01 20:59:19'),(2028092719054745603,10,'access','pending','иҜ·жұӮи®ҝй—®дёӘдәәж•°жҚ®',2,'','2026-02-13 09:00:00','2026-03-01 21:09:11'),(2028092719054745604,11,'delete','processing','еҲ йҷӨеҺҶеҸІи®°еҪ•',2,'еӨ„зҗҶдёӯ','2026-02-13 10:00:00','2026-03-01 21:09:11'),(2028092719054745605,12,'export','done','еҜјеҮәйӮ®д»¶',2,'е·ІжҸҗдҫӣ','2026-02-13 11:00:00','2026-03-01 21:09:11'),(2028095310606135298,NULL,'access','pending','',NULL,NULL,'2026-03-01 21:09:37','2026-03-01 21:09:36');
/*!40000 ALTER TABLE `subject_request` ENABLE KEYS */;
UNLOCK TABLES;

--
-- Table structure for table `user`
--

DROP TABLE IF EXISTS `user`;
/*!40101 SET @saved_cs_client     = @@character_set_client */;
/*!50503 SET character_set_client = utf8mb4 */;
CREATE TABLE `user` (
  `id` bigint NOT NULL AUTO_INCREMENT COMMENT 'з”ЁжҲ·ID',
  `username` varchar(50) NOT NULL COMMENT 'з”ЁжҲ·еҗҚ',
  `password` varchar(100) NOT NULL COMMENT 'еҜҶз ҒпјҲеҠ еҜҶеӯҳеӮЁпјү',
  `real_name` varchar(50) DEFAULT NULL COMMENT 'зңҹе®һе§“еҗҚ',
  `role_id` bigint DEFAULT NULL COMMENT 'и§’иүІID',
  `department` varchar(50) DEFAULT NULL COMMENT 'йғЁй—Ё',
  `phone` varchar(20) DEFAULT NULL COMMENT 'иҒ”зі»ж–№ејҸ',
  `email` varchar(100) DEFAULT NULL COMMENT 'йӮ®з®ұ',
  `status` tinyint DEFAULT '1' COMMENT 'зҠ¶жҖҒ 1-жӯЈеёё 0-еҒңз”Ё',
  `create_time` datetime DEFAULT CURRENT_TIMESTAMP COMMENT 'еҲӣе»әж—¶й—ҙ',
  `update_time` datetime DEFAULT CURRENT_TIMESTAMP ON UPDATE CURRENT_TIMESTAMP COMMENT 'жӣҙж–°ж—¶й—ҙ',
  PRIMARY KEY (`id`),
  KEY `idx_username` (`username`),
  KEY `idx_role` (`role_id`)
) ENGINE=InnoDB AUTO_INCREMENT=2028091269201293319 DEFAULT CHARSET=utf8mb4 COLLATE=utf8mb4_0900_ai_ci COMMENT='зі»з»ҹз”ЁжҲ·иЎЁ';
/*!40101 SET character_set_client = @saved_cs_client */;

LOCK TABLES `user` WRITE;
/*!40000 ALTER TABLE `user` DISABLE KEYS */;
INSERT INTO `user` VALUES (2028091269201293314,'admin','$2a$10$Od5yDqrMgBD/I8ldyJtdVOWqecZtK/D/J95OISN.x4rpi9IL/DtcC','е№іеҸ°з®ЎзҗҶе‘ҳ',2028091268882526210,NULL,NULL,NULL,1,'2026-03-01 20:53:33','2026-03-01 20:53:33'),(2028091269201293315,'admin','admin123','е№іеҸ°з®ЎзҗҶе‘ҳ',1,'еҗҲи§„йғЁ','13800000001','admin@example.com',1,'2026-03-01 21:09:11','2026-03-01 21:09:11'),(2028091269201293316,'sec01','secpass','е®үе…Ёе®ҳ-еј дёү',2,'е®үе…ЁйғЁ','13800000002','sec01@example.com',1,'2026-03-01 21:09:11','2026-03-01 21:09:11'),(2028091269201293317,'data01','datapass','ж•°жҚ®з®Ў-жқҺеӣӣ',3,'ж•°жҚ®йғЁ','13800000003','data01@example.com',1,'2026-03-01 21:09:11','2026-03-01 21:09:11'),(2028091269201293318,'audit01','auditpass','е®Ўи®Ўе‘ҳ-зҺӢдә”',4,'е®Ўи®ЎйғЁ','13800000004','audit01@example.com',1,'2026-03-01 21:09:11','2026-03-01 21:09:11');
/*!40000 ALTER TABLE `user` ENABLE KEYS */;
UNLOCK TABLES;

 /*!40103 SET TIME_ZONE=@OLD_TIME_ZONE */;

 /*!40101 SET SQL_MODE=@OLD_SQL_MODE */;
 /*!40014 SET FOREIGN_KEY_CHECKS=@OLD_FOREIGN_KEY_CHECKS */;
 /*!40014 SET UNIQUE_CHECKS=@OLD_UNIQUE_CHECKS */;
 /*!40101 SET CHARACTER_SET_CLIENT=@OLD_CHARACTER_SET_CLIENT */;
 /*!40101 SET CHARACTER_SET_RESULTS=@OLD_CHARACTER_SET_RESULTS */;
 /*!40101 SET COLLATION_CONNECTION=@OLD_COLLATION_CONNECTION */;
 /*!40111 SET SQL_NOTES=@OLD_SQL_NOTES */;

-- Dump completed on 2026-03-08 11:08:04